date,state,hospital,kam,brand,units,value
2025-07-01,Kerala,Narayana Bengaluru,KAM3,Ceftriaxone,68,29052
2025-07-02,Tamil Nadu,Narayana Bengaluru,KAM1,Ceftriaxone,15,39147
2025-07-03,Kerala,KIMS Trivandrum,KAM3,Ceftriaxone,116,42997
2025-07-04,Tamil Nadu,Apollo Chennai,KAM2,Tigecycline,28,86331
2025-07-05,Karnataka,Narayana Bengaluru,KAM1,Ceftriaxone,12,2172
2025-07-06,Karnataka,KIMS Trivandrum,KAM2,Ceftriaxone,55,20640
2025-07-07,Tamil Nadu,KIMS Trivandrum,KAM2,Tigecycline,108,21262
2025-07-08,Kerala,KIMS Trivandrum,KAM3,Tigecycline,139,19647
2025-07-09,Karnataka,Apollo Chennai,KAM2,Ceftriaxone,189,54013
2025-07-10,Kerala,Apollo Chennai,KAM1,Linezolid,191,9703
2025-07-11,Tamil Nadu,Apollo Chennai,KAM1,Tigecycline,101,22094
2025-07-12,Karnataka,Apollo Chennai,KAM3,Ceftriaxone,181,82453
2025-07-13,Karnataka,Apollo Chennai,KAM3,Ceftriaxone,171,41930
2025-07-14,Karnataka,Narayana Bengaluru,KAM3,Tigecycline,24,41638
2025-07-15,Karnataka,KIMS Trivandrum,KAM3,Tigecycline,116,14471
2025-07-16,Karnataka,Narayana Bengaluru,KAM1,Linezolid,185,43017
2025-07-17,Kerala,KIMS Trivandrum,KAM3,Tigecycline,29,84674
2025-07-18,Karnataka,Narayana Bengaluru,KAM1,Ceftriaxone,106,37162
2025-07-19,Kerala,KIMS Trivandrum,KAM3,Tigecycline,75,86411
2025-07-20,Kerala,KIMS Trivandrum,KAM1,Linezolid,72,91725
2025-07-21,Kerala,KIMS Trivandrum,KAM1,Linezolid,34,98941
2025-07-22,Kerala,Narayana Bengaluru,KAM1,Tigecycline,113,28006
2025-07-23,Kerala,KIMS Trivandrum,KAM1,Ceftriaxone,173,39183
2025-07-24,Kerala,Apollo Chennai,KAM2,Tigecycline,84,15435
2025-07-25,Karnataka,KIMS Trivandrum,KAM2,Tigecycline,9,77454
2025-07-26,Karnataka,Narayana Bengaluru,KAM3,Linezolid,196,97190
2025-07-27,Karnataka,Narayana Bengaluru,KAM2,Ceftriaxone,194,49848
2025-07-28,Tamil Nadu,KIMS Trivandrum,KAM3,Ceftriaxone,154,56036
2025-07-29,Karnataka,Narayana Bengaluru,KAM2,Linezolid,190,84525
2025-07-30,Karnataka,Narayana Bengaluru,KAM1,Ceftriaxone,142,69450
2025-07-31,Tamil Nadu,KIMS Trivandrum,KAM2,Ceftriaxone,98,50890
2025-08-01,Kerala,Narayana Bengaluru,KAM3,Tigecycline,2,60176
2025-08-02,Kerala,Narayana Bengaluru,KAM1,Linezolid,188,26426
2025-08-03,Tamil Nadu,KIMS Trivandrum,KAM2,Tigecycline,140,48116
2025-08-04,Tamil Nadu,Narayana Bengaluru,KAM3,Ceftriaxone,124,51369
2025-08-05,Karnataka,Apollo Chennai,KAM2,Linezolid,6,90146
2025-08-06,Kerala,KIMS Trivandrum,KAM3,Linezolid,154,54370
2025-08-07,Kerala,Narayana Bengaluru,KAM3,Linezolid,98,52170
2025-08-08,Tamil Nadu,Narayana Bengaluru,KAM3,Tigecycline,74,90960
2025-08-09,Tamil Nadu,KIMS Trivandrum,KAM2,Tigecycline,51,16242
